madalyn1926@towne.net,Isis Domingues,(788) 819-1352
neva1984@pollich.biz,Mariana Guterres,8425374654
murray1902@metz.info,Lucas Gabriel Castanheira,782/342-9822
sim_rippin@rolfson.com,Alessandra Barbosa,327/662-4792
arvel1950@kautzer.name,Salvador Aroeira,(780) 603-3240
annalise2051@hettinger.com,Igor Coutinho,(707) 962-3323
gwendolyn_ward@hegmann.biz,Milena Diegues,472.993.7773
grayson_hartmann@miller.com,Bento Lopes,514/848-9872
noble1927@bradtke.info,Sra. Pedro Henrique Longuinho,(378) 701-4505
madalyn.murazik@wuckert.name,Alice Carvalheira Filho,(229) 256-9362
josianne2046@cummings.net,Srta. Ana Beatriz Ouriques,2787554227
oral1994@breitenberg.com,Srta. Clara Menendes Jr.,6844261514
hailee_harvey@witting.net,Ana Laura Almada,742/203-8284
ludwig_rogahn@hintz.info,Sra. Laura Neves Filho,343/431-2856
taurean.larson@hartmann.net,Srta. Cecília Rios,(587) 503-9582
garnet1991@lemke.name,João Vitor Marcondes,662-261-6351
geoffrey2089@stoltenberg.net,Carolina da Paz,658/461-0917
alexandra1959@kshlerin.name,Sra. Ayla Fernandes,477/473-9464
lennie.ratke@conroy.biz,Bruna Franco,2634136226
patience_stanton@grimes.biz,Ana Laura Grotas,(939) 853-6915
tyrell.jacobs@reynolds.info,Srta. Manuela Sales Filho,654-486-3766
paxton.bartell@rippin.biz,João Pedro Filgueira,253/878-9507
damaris_williamson@pfannerstill.name,Natália Quaresma,682/322-4024
robbie.bins@streich.org,Roberta Martins,828.341.5749
carroll.spencer@botsford.info,Ana Clara Barreira,524/357-5154
bernard.emmerich@champlin.name,Erick Antunes,(617) 356-4033
madeline_lind@hane.com,Isabelly Negrão,261-248-8088
angelina2046@shields.org,Bruna da Penha Neto,443/501-3992
percival2078@ratke.name,Maria Júlia Matoso Jr.,564.222.8840
nella_denesik@fay.net,Antônio Amoreira,(923) 503-5847
liliane.rutherford@graham.name,Enzo Gabriel Barbosa,6616244659
betty.maggio@runte.biz,Srta. Valentina Bonfim Filho,448/797-4169
letitia1935@okon.com,Morgana Espinhosa,(658) 837-1704
carley2028@powlowski.net,Ian da Costa Jr.,263/315-4388
itzel1959@considine.org,Danilo da Rosa,8485183189
alicia_treutel@robel.name,Fernando da Conceição,(814) 728-9970
newton2037@schaefer.info,Aurora Paes,(871) 624-0442
domingo.schroeder@thompson.name,Maya Mendes,210/406-3702
concepcion_nitzsche@christiansen.net,Dra. Giovanna Vimaranes,9217957488
benny.murazik@streich.info,Marina Hermingues,7122396820
viola.considine@zboncak.com,Lara Peres,406.215.0823
rachael_considine@legros.name,Pietra Rocha,426/653-7108
earl1995@smitham.biz,Dr. Vinicius Mangueira Jr.,(513) 432-8862
buford.ankunding@feeney.com,Nathan Pinto,(880) 522-7539
beau1944@homenick.com,Mariana Geraldes,961/507-8069
rafa.oliveira@hotmail.com,rafael freitas,34
