emmalee.sawayn@johnson.net,Isabela Rêgo,831/369-8152
sabina_smith@luettgen.com,Isis Simões Neto,(836) 934-5502
spencer1986@okuneva.name,Mathias Barreira,(460) 995-3064
walker_pollich@murphy.org,Sra. Fabrícia Velasques Filho,(448) 852-3017
hershel2017@lehner.biz,Benjamin Lessa,3475334659
ryann.aufderhar@thiel.com,Malu Almada,723.325.2899
anthony_nienow@auer.org,Srta. Davi Miguel Novaes Neto,406.741.4126
sebastian2057@hand.info,Ana Júlia Crespo,(826) 846-1692
alaina_glover@conn.biz,Pietra Gomes,(230) 872-3148
gayle.lindgren@emmerich.net,Igor Sanches,472.804.7636
reed2007@gutmann.name,Dr. Levi Farias Filho,(517) 354-5526
deja1980@hammes.net,Ana Lívia Carvalho,317/391-3277
eric1901@krajcik.net,Yango Castanheira,(227) 858-3773
efren2075@gottlieb.name,Davi Luiz Gomide Neto,(725) 366-7736
minerva1956@kihn.name,Dra. Meire Dorneles Filho,(763) 717-5547
edwina2097@hettinger.com,Ana Vitória Vimaranes,(366) 721-8547
jazlyn2021@lemke.com,Sra. Henrique Limeira Jr.,720.221.6715
vincenzo1950@quitzon.biz,Benício da Cunha,5462718964
mariah.satterfield@torp.com,Sra. Maria Laura Cachoeira,(459) 854-1449
stacey.hoppe@powlowski.com,Dra. Luiza Sais,349.488.5100
freda_white@hirthe.net,Arthur Gabriel Matoso,866-557-4477
london.blick@wolf.info,Milena Silveira,215.827.3213
rosanna_sanford@sawayn.name,Dra. Marli Morais,6727041460
merritt.bartoletti@heller.name,Clarice Barros,6662859363
braulio2072@zemlak.info,Pablo da Cunha,(868) 669-4815
laisha2002@schiller.com,Dr. Nicole Carreira Jr.,(903) 697-7111
rhianna.walsh@luettgen.info,Alessandro Camacho,9722452680
genoveva1953@labadie.net,Nataniel Banheira,(946) 481-1977
geraldine.bahringer@okeefe.net,Dr. Lucca Fernandes Filho,432/296-0372
doris1995@koelpin.biz,Alícia Mendanha Jr.,605/489-4613
sebastian2067@metz.info,Beatriz Franco,(931) 797-4153
walter2042@pouros.biz,Pablo Galego,(681) 895-4514
mallory2078@abernathy.org,Pedro Henrique Galvão,5585262437
lilla1956@willms.com,Dr. Norberto Batista,5844318570
wilma.murazik@cruickshank.biz,Felícia Ribeira,689/493-8684
lia.pouros@grimes.biz,Dra. Bernardo Munhoz Neto,353/465-4667
isaiah.torp@moen.biz,Camila Junqueira,717.718.8678
kip2011@ebert.info,Dra. Meire Espinheira,(501) 661-1606
sammie.kshlerin@strosin.name,Dr. Heitor Moraes Jr.,(888) 421-8117
pedro1983@raynor.info,Mariah da Cruz,8257612730
ona_cole@lemke.org,Esther Duarte,364.339.1501
shawn1950@schuster.com,Rebeca de Oliveira,701/589-4447
danyka_kerluke@gerhold.name,Lorenzo Arriaga,4239296564
ryley1961@murray.info,Sara Martins,213-251-1799
lauriane2009@mohr.com,Maria Fernanda Monteiro,7172212856
bertram1984@walter.org,Maya Ramires Filho,659-654-2146
grant1905@johnson.net,Sophie Franco,(820) 547-6072
warren_leuschke@wisozk.name,Caio Martim,(530) 419-3038
